"mod","peel","year","SSB","SSB_stdev"
"EBS_pcod","-1",1975,1324190,NA
"EBS_pcod","-1",1976,323427,NA
"EBS_pcod","-1",1977,168855,47891.9
"EBS_pcod","-1",1978,172617,47582.7
"EBS_pcod","-1",1979,173795,45088.1
"EBS_pcod","-1",1980,213780,46368.3
"EBS_pcod","-1",1981,316369,51395.4
"EBS_pcod","-1",1982,498740,63372
"EBS_pcod","-1",1983,673889,71903.4
"EBS_pcod","-1",1984,689074,64750.3
"EBS_pcod","-1",1985,781017,69482.2
"EBS_pcod","-1",1986,772141,64986
"EBS_pcod","-1",1987,759973,58324.4
"EBS_pcod","-1",1988,812758,56990.8
"EBS_pcod","-1",1989,794118,52023
"EBS_pcod","-1",1990,718320,43767
"EBS_pcod","-1",1991,579421,34369.8
"EBS_pcod","-1",1992,424794,28481.6
"EBS_pcod","-1",1993,403843,28650.3
"EBS_pcod","-1",1994,408765,25824.4
"EBS_pcod","-1",1995,430236,25816.8
"EBS_pcod","-1",1996,416774,25848.2
"EBS_pcod","-1",1997,399364,25018.1
"EBS_pcod","-1",1998,348849,24354.1
"EBS_pcod","-1",1999,336197,25257.4
"EBS_pcod","-1",2000,355691,27385.7
"EBS_pcod","-1",2001,378325,27494.7
"EBS_pcod","-1",2002,412657,27685.8
"EBS_pcod","-1",2003,427072,27271.9
"EBS_pcod","-1",2004,437462,26178.8
"EBS_pcod","-1",2005,429111,24886.6
"EBS_pcod","-1",2006,380146,22590.6
"EBS_pcod","-1",2007,332325,21100.9
"EBS_pcod","-1",2008,287394,18988
"EBS_pcod","-1",2009,260897,18597.9
"EBS_pcod","-1",2010,259115,18802.1
"EBS_pcod","-1",2011,315709,20462.9
"EBS_pcod","-1",2012,368629,22919.5
"EBS_pcod","-1",2013,411902,25970.4
"EBS_pcod","-1",2014,415752,28419
"EBS_pcod","-1",2015,423449,31725.8
"EBS_pcod","-1",2016,482529,38089.7
"EBS_pcod","-1",2017,552783,46286.5
"EBS_pcod","-1",2018,593969,52863.6
"EBS_pcod","-10",1975,1146520,NA
"EBS_pcod","-10",1976,342259,NA
"EBS_pcod","-10",1977,193865,62716.4
"EBS_pcod","-10",1978,203807,63863.8
"EBS_pcod","-10",1979,211615,63111.3
"EBS_pcod","-10",1980,266896,67588.9
"EBS_pcod","-10",1981,414483,80678.5
"EBS_pcod","-10",1982,661787,105111
"EBS_pcod","-10",1983,875598,119494
"EBS_pcod","-10",1984,868659,105386
"EBS_pcod","-10",1985,960487,109403
"EBS_pcod","-10",1986,931775,99723.6
"EBS_pcod","-10",1987,898997,88201.2
"EBS_pcod","-10",1988,946494,85555.1
"EBS_pcod","-10",1989,913127,77788.2
"EBS_pcod","-10",1990,807732,64462.4
"EBS_pcod","-10",1991,634963,49330.2
"EBS_pcod","-10",1992,461513,40057.8
"EBS_pcod","-10",1993,442834,40761.3
"EBS_pcod","-10",1994,449797,37993
"EBS_pcod","-10",1995,476138,39302.4
"EBS_pcod","-10",1996,469760,40836
"EBS_pcod","-10",1997,452773,40414
"EBS_pcod","-10",1998,398640,39512.3
"EBS_pcod","-10",1999,383532,40585
"EBS_pcod","-10",2000,406754,44002.8
"EBS_pcod","-10",2001,430276,44365.2
"EBS_pcod","-10",2002,461895,44687.8
"EBS_pcod","-10",2003,473738,44452.5
"EBS_pcod","-10",2004,480634,43693.4
"EBS_pcod","-10",2005,463492,42666.5
"EBS_pcod","-10",2006,401883,39766.2
"EBS_pcod","-10",2007,341650,38172.4
"EBS_pcod","-10",2008,283111,35273.8
"EBS_pcod","-10",2009,243296,35252.8
"EBS_pcod","-2",1975,1328740,NA
"EBS_pcod","-2",1976,346240,NA
"EBS_pcod","-2",1977,183466,52396.8
"EBS_pcod","-2",1978,188628,52262.1
"EBS_pcod","-2",1979,190977,49891.4
"EBS_pcod","-2",1980,234416,51533.1
"EBS_pcod","-2",1981,347061,57585.8
"EBS_pcod","-2",1982,545977,71423.8
"EBS_pcod","-2",1983,733144,80929.1
"EBS_pcod","-2",1984,744271,72511.5
"EBS_pcod","-2",1985,839112,77191.2
"EBS_pcod","-2",1986,825229,71655.7
"EBS_pcod","-2",1987,807481,64015.8
"EBS_pcod","-2",1988,859694,62431.1
"EBS_pcod","-2",1989,837855,57000.1
"EBS_pcod","-2",1990,754360,47890.8
"EBS_pcod","-2",1991,605185,37456.2
"EBS_pcod","-2",1992,443552,30891.5
"EBS_pcod","-2",1993,422495,31100.7
"EBS_pcod","-2",1994,426999,28243.2
"EBS_pcod","-2",1995,449646,28505.4
"EBS_pcod","-2",1996,437408,28835.9
"EBS_pcod","-2",1997,420654,28149.8
"EBS_pcod","-2",1998,369518,27513.5
"EBS_pcod","-2",1999,356646,28458.2
"EBS_pcod","-2",2000,377662,30766.9
"EBS_pcod","-2",2001,401073,30845.9
"EBS_pcod","-2",2002,435456,30989.3
"EBS_pcod","-2",2003,449401,30461.3
"EBS_pcod","-2",2004,459291,29249.7
"EBS_pcod","-2",2005,449509,27851.8
"EBS_pcod","-2",2006,397391,25260.1
"EBS_pcod","-2",2007,347033,23532.4
"EBS_pcod","-2",2008,299269,21090.4
"EBS_pcod","-2",2009,271250,20576.4
"EBS_pcod","-2",2010,269542,20822.2
"EBS_pcod","-2",2011,328501,22845.6
"EBS_pcod","-2",2012,385375,25893.6
"EBS_pcod","-2",2013,432634,29609.7
"EBS_pcod","-2",2014,438124,32462.3
"EBS_pcod","-2",2015,448163,36212.3
"EBS_pcod","-2",2016,508894,43316.7
"EBS_pcod","-2",2017,573489,52132.1
"EBS_pcod","-3",1975,1341970,NA
"EBS_pcod","-3",1976,344482,NA
"EBS_pcod","-3",1977,181485,51837.2
"EBS_pcod","-3",1978,186482,51655.4
"EBS_pcod","-3",1979,188864,49229.6
"EBS_pcod","-3",1980,232209,50806.7
"EBS_pcod","-3",1981,343415,56645.1
"EBS_pcod","-3",1982,539195,69972.6
"EBS_pcod","-3",1983,723362,79052.5
"EBS_pcod","-3",1984,734415,70729.4
"EBS_pcod","-3",1985,828319,75294.6
"EBS_pcod","-3",1986,815197,69906.8
"EBS_pcod","-3",1987,798162,62407.2
"EBS_pcod","-3",1988,849791,60743.5
"EBS_pcod","-3",1989,827544,55302.7
"EBS_pcod","-3",1990,744952,46381.3
"EBS_pcod","-3",1991,598005,36285.5
"EBS_pcod","-3",1992,438283,29970.7
"EBS_pcod","-3",1993,417131,30147.7
"EBS_pcod","-3",1994,421377,27271.2
"EBS_pcod","-3",1995,443339,27406.7
"EBS_pcod","-3",1996,430728,27630.8
"EBS_pcod","-3",1997,413397,26869.1
"EBS_pcod","-3",1998,362577,26211.8
"EBS_pcod","-3",1999,349998,27130.8
"EBS_pcod","-3",2000,370619,29338.7
"EBS_pcod","-3",2001,393569,29384.2
"EBS_pcod","-3",2002,427684,29505.7
"EBS_pcod","-3",2003,441543,29007.3
"EBS_pcod","-3",2004,451174,27828.6
"EBS_pcod","-3",2005,441323,26436.8
"EBS_pcod","-3",2006,389919,23956.3
"EBS_pcod","-3",2007,339955,22313.9
"EBS_pcod","-3",2008,292752,20012.3
"EBS_pcod","-3",2009,264724,19545.7
"EBS_pcod","-3",2010,262445,19779
"EBS_pcod","-3",2011,319890,21714.8
"EBS_pcod","-3",2012,375413,24804.7
"EBS_pcod","-3",2013,421083,28805.9
"EBS_pcod","-3",2014,425790,32354.8
"EBS_pcod","-3",2015,434469,37212
"EBS_pcod","-3",2016,494706,45844.7
"EBS_pcod","-4",1975,1340160,NA
"EBS_pcod","-4",1976,351669,NA
"EBS_pcod","-4",1977,186134,53080
"EBS_pcod","-4",1978,191623,53006.7
"EBS_pcod","-4",1979,194349,50680.8
"EBS_pcod","-4",1980,238981,52459.2
"EBS_pcod","-4",1981,353781,58744.3
"EBS_pcod","-4",1982,554494,72705.8
"EBS_pcod","-4",1983,740936,81967.4
"EBS_pcod","-4",1984,749318,73093.1
"EBS_pcod","-4",1985,843037,77540.6
"EBS_pcod","-4",1986,828108,71787.4
"EBS_pcod","-4",1987,808998,63946.7
"EBS_pcod","-4",1988,859728,62129.8
"EBS_pcod","-4",1989,835643,56464.4
"EBS_pcod","-4",1990,750416,47253.8
"EBS_pcod","-4",1991,601133,36899.1
"EBS_pcod","-4",1992,440421,30450.3
"EBS_pcod","-4",1993,419354,30641
"EBS_pcod","-4",1994,423310,27748.2
"EBS_pcod","-4",1995,445206,27929.9
"EBS_pcod","-4",1996,433024,28223.2
"EBS_pcod","-4",1997,415622,27466.2
"EBS_pcod","-4",1998,364846,26794.3
"EBS_pcod","-4",1999,352467,27719.9
"EBS_pcod","-4",2000,373569,29967.9
"EBS_pcod","-4",2001,396501,29991.3
"EBS_pcod","-4",2002,430346,30086.3
"EBS_pcod","-4",2003,444109,29577.5
"EBS_pcod","-4",2004,453521,28387.9
"EBS_pcod","-4",2005,443192,26970.4
"EBS_pcod","-4",2006,391344,24439.1
"EBS_pcod","-4",2007,340931,22758.7
"EBS_pcod","-4",2008,293115,20414.5
"EBS_pcod","-4",2009,264648,19964.3
"EBS_pcod","-4",2010,262090,20286.3
"EBS_pcod","-4",2011,318735,22482.8
"EBS_pcod","-4",2012,372819,26101.5
"EBS_pcod","-4",2013,414832,30877.6
"EBS_pcod","-4",2014,413280,35164.7
"EBS_pcod","-4",2015,411336,40563.9
"EBS_pcod","-5",1975,1365410,NA
"EBS_pcod","-5",1976,370572,NA
"EBS_pcod","-5",1977,197627,56706.4
"EBS_pcod","-5",1978,204258,56772.5
"EBS_pcod","-5",1979,207882,54544.2
"EBS_pcod","-5",1980,255243,56666.1
"EBS_pcod","-5",1981,377381,63880.5
"EBS_pcod","-5",1982,589112,79334.8
"EBS_pcod","-5",1983,782347,89256.5
"EBS_pcod","-5",1984,786357,79266
"EBS_pcod","-5",1985,881048,83616.1
"EBS_pcod","-5",1986,862630,77064.4
"EBS_pcod","-5",1987,839663,68487.4
"EBS_pcod","-5",1988,889775,66468.2
"EBS_pcod","-5",1989,863121,60413.3
"EBS_pcod","-5",1990,772407,50496.8
"EBS_pcod","-5",1991,616545,39298.4
"EBS_pcod","-5",1992,451974,32327.8
"EBS_pcod","-5",1993,431489,32608.9
"EBS_pcod","-5",1994,435282,29714.3
"EBS_pcod","-5",1995,457911,30092.4
"EBS_pcod","-5",1996,446698,30598.9
"EBS_pcod","-5",1997,429279,29900.1
"EBS_pcod","-5",1998,377910,29177.5
"EBS_pcod","-5",1999,365503,30104.6
"EBS_pcod","-5",2000,387825,32513.1
"EBS_pcod","-5",2001,411174,32558.2
"EBS_pcod","-5",2002,445005,32652.3
"EBS_pcod","-5",2003,458639,32125.2
"EBS_pcod","-5",2004,467756,30921.2
"EBS_pcod","-5",2005,456448,29442.2
"EBS_pcod","-5",2006,402778,26704.3
"EBS_pcod","-5",2007,351007,24884.3
"EBS_pcod","-5",2008,301626,22348
"EBS_pcod","-5",2009,272821,21937.8
"EBS_pcod","-5",2010,271252,22554.4
"EBS_pcod","-5",2011,329878,25514
"EBS_pcod","-5",2012,385770,30378.8
"EBS_pcod","-5",2013,426606,36579.6
"EBS_pcod","-5",2014,417037,41409.3
"EBS_pcod","-6",1975,1223710,NA
"EBS_pcod","-6",1976,344818,NA
"EBS_pcod","-6",1977,187954,55981.5
"EBS_pcod","-6",1978,195531,56239
"EBS_pcod","-6",1979,201065,54394.9
"EBS_pcod","-6",1980,250158,56951.6
"EBS_pcod","-6",1981,375336,64860.3
"EBS_pcod","-6",1982,590810,81228.4
"EBS_pcod","-6",1983,786871,91722.8
"EBS_pcod","-6",1984,791554,81543.4
"EBS_pcod","-6",1985,886299,85938.3
"EBS_pcod","-6",1986,867527,79143.3
"EBS_pcod","-6",1987,844306,70321.7
"EBS_pcod","-6",1988,894409,68261.9
"EBS_pcod","-6",1989,867305,62054.4
"EBS_pcod","-6",1990,775351,51809.8
"EBS_pcod","-6",1991,617879,40220
"EBS_pcod","-6",1992,452336,32995.5
"EBS_pcod","-6",1993,431908,33267.3
"EBS_pcod","-6",1994,436120,30369.8
"EBS_pcod","-6",1995,459001,30811.7
"EBS_pcod","-6",1996,447998,31388.1
"EBS_pcod","-6",1997,430452,30722.6
"EBS_pcod","-6",1998,378811,30007.2
"EBS_pcod","-6",1999,366099,30962
"EBS_pcod","-6",2000,388394,33467.4
"EBS_pcod","-6",2001,411973,33557.6
"EBS_pcod","-6",2002,445959,33670.8
"EBS_pcod","-6",2003,459817,33130.9
"EBS_pcod","-6",2004,469123,31899
"EBS_pcod","-6",2005,457492,30396.4
"EBS_pcod","-6",2006,403183,27583.8
"EBS_pcod","-6",2007,350753,25728.2
"EBS_pcod","-6",2008,300895,23155.3
"EBS_pcod","-6",2009,271859,22827.9
"EBS_pcod","-6",2010,270306,23679.9
"EBS_pcod","-6",2011,327729,27131.3
"EBS_pcod","-6",2012,378337,32640.1
"EBS_pcod","-6",2013,407982,39363.4
"EBS_pcod","-7",1975,1219400,NA
"EBS_pcod","-7",1976,338380,NA
"EBS_pcod","-7",1977,185544,56410.6
"EBS_pcod","-7",1978,192849,56811.5
"EBS_pcod","-7",1979,197638,55144.6
"EBS_pcod","-7",1980,245608,57951.5
"EBS_pcod","-7",1981,372727,66770.7
"EBS_pcod","-7",1982,593278,85070.1
"EBS_pcod","-7",1983,794022,96978.6
"EBS_pcod","-7",1984,799302,86517.5
"EBS_pcod","-7",1985,893876,91149.8
"EBS_pcod","-7",1986,873911,83924
"EBS_pcod","-7",1987,849935,74672.6
"EBS_pcod","-7",1988,900612,72748.9
"EBS_pcod","-7",1989,874079,66415.6
"EBS_pcod","-7",1990,780827,55505.7
"EBS_pcod","-7",1991,620482,42959.1
"EBS_pcod","-7",1992,452679,35079.3
"EBS_pcod","-7",1993,432037,35384.8
"EBS_pcod","-7",1994,437158,32524.7
"EBS_pcod","-7",1995,460838,33242.2
"EBS_pcod","-7",1996,450628,34080.3
"EBS_pcod","-7",1997,434093,33615.1
"EBS_pcod","-7",1998,381974,32969.6
"EBS_pcod","-7",1999,368303,34043.8
"EBS_pcod","-7",2000,390750,36886.1
"EBS_pcod","-7",2001,415327,37097.4
"EBS_pcod","-7",2002,449738,37266.2
"EBS_pcod","-7",2003,464360,36661.7
"EBS_pcod","-7",2004,475125,35350.5
"EBS_pcod","-7",2005,464210,33840.4
"EBS_pcod","-7",2006,409519,30780.5
"EBS_pcod","-7",2007,357002,28767.4
"EBS_pcod","-7",2008,307060,25942.6
"EBS_pcod","-7",2009,279063,25660.4
"EBS_pcod","-7",2010,280609,26847.3
"EBS_pcod","-7",2011,341814,31086.7
"EBS_pcod","-7",2012,391229,37546.9
"EBS_pcod","-8",1975,1248090,NA
"EBS_pcod","-8",1976,332649,NA
"EBS_pcod","-8",1977,182462,56508.5
"EBS_pcod","-8",1978,189503,56839
"EBS_pcod","-8",1979,194120,55153.6
"EBS_pcod","-8",1980,241783,57756.7
"EBS_pcod","-8",1981,371087,66294.7
"EBS_pcod","-8",1982,595610,84475.8
"EBS_pcod","-8",1983,798936,96071.9
"EBS_pcod","-8",1984,802600,85303
"EBS_pcod","-8",1985,893964,89383.9
"EBS_pcod","-8",1986,871863,81983
"EBS_pcod","-8",1987,846912,72718.6
"EBS_pcod","-8",1988,897036,70606.6
"EBS_pcod","-8",1989,870244,64221.5
"EBS_pcod","-8",1990,775207,53446.5
"EBS_pcod","-8",1991,612583,41204.4
"EBS_pcod","-8",1992,443823,33616.1
"EBS_pcod","-8",1993,423522,33962.3
"EBS_pcod","-8",1994,431096,31274.5
"EBS_pcod","-8",1995,456132,31999.9
"EBS_pcod","-8",1996,447702,32866.2
"EBS_pcod","-8",1997,431918,32307.6
"EBS_pcod","-8",1998,379399,31534.9
"EBS_pcod","-8",1999,364597,32431.2
"EBS_pcod","-8",2000,386724,35106.2
"EBS_pcod","-8",2001,411593,35328.2
"EBS_pcod","-8",2002,445320,35521.2
"EBS_pcod","-8",2003,459684,35065.4
"EBS_pcod","-8",2004,470659,33926.4
"EBS_pcod","-8",2005,458816,32448.1
"EBS_pcod","-8",2006,402736,29515.5
"EBS_pcod","-8",2007,348525,27628.1
"EBS_pcod","-8",2008,297261,25027.2
"EBS_pcod","-8",2009,267482,24982.3
"EBS_pcod","-8",2010,267214,26522.4
"EBS_pcod","-8",2011,320252,30809.4
"EBS_pcod","-9",1975,1164450,NA
"EBS_pcod","-9",1976,331145,NA
"EBS_pcod","-9",1977,185402,58854.9
"EBS_pcod","-9",1978,193940,59539.3
"EBS_pcod","-9",1979,200214,58279.4
"EBS_pcod","-9",1980,251536,61534
"EBS_pcod","-9",1981,390596,71588.8
"EBS_pcod","-9",1982,627286,91944
"EBS_pcod","-9",1983,836072,104340
"EBS_pcod","-9",1984,834005,92160.1
"EBS_pcod","-9",1985,924552,96000.5
"EBS_pcod","-9",1986,898995,87690.8
"EBS_pcod","-9",1987,870291,77607.2
"EBS_pcod","-9",1988,919192,75272.2
"EBS_pcod","-9",1989,889302,68421.2
"EBS_pcod","-9",1990,788974,56816.4
"EBS_pcod","-9",1991,621139,43661.6
"EBS_pcod","-9",1992,450175,35557.7
"EBS_pcod","-9",1993,430968,36043.2
"EBS_pcod","-9",1994,438763,33396.9
"EBS_pcod","-9",1995,464569,34375
"EBS_pcod","-9",1996,457515,35515.2
"EBS_pcod","-9",1997,441383,35021
"EBS_pcod","-9",1998,388062,34190.2
"EBS_pcod","-9",1999,372978,35103.6
"EBS_pcod","-9",2000,395778,37970
"EBS_pcod","-9",2001,420160,38160.1
"EBS_pcod","-9",2002,452758,38289.9
"EBS_pcod","-9",2003,466069,37780.7
"EBS_pcod","-9",2004,475407,36636.3
"EBS_pcod","-9",2005,461067,35184.3
"EBS_pcod","-9",2006,402442,32189.4
"EBS_pcod","-9",2007,345744,30370.2
"EBS_pcod","-9",2008,291777,27762.9
"EBS_pcod","-9",2009,258531,27883.1
"EBS_pcod","-9",2010,253347,29465
"EBS_pcod","0",1975,1343280,NA
"EBS_pcod","0",1976,346632,NA
"EBS_pcod","0",1977,182015,50738.9
"EBS_pcod","0",1978,186873,50499.5
"EBS_pcod","0",1979,188754,48002.9
"EBS_pcod","0",1980,230896,49426.6
"EBS_pcod","0",1981,337973,54915.9
"EBS_pcod","0",1982,527259,67695.3
"EBS_pcod","0",1983,707374,76652.6
"EBS_pcod","0",1984,720123,68900.3
"EBS_pcod","0",1985,815125,73768.4
"EBS_pcod","0",1986,804448,68844.7
"EBS_pcod","0",1987,789519,61735.6
"EBS_pcod","0",1988,842468,60366.1
"EBS_pcod","0",1989,822527,55219.9
"EBS_pcod","0",1990,743288,46529.6
"EBS_pcod","0",1991,599467,36542.7
"EBS_pcod","0",1992,441376,30255.8
"EBS_pcod","0",1993,420962,30476.6
"EBS_pcod","0",1994,424945,27576.5
"EBS_pcod","0",1995,446954,27697
"EBS_pcod","0",1996,433576,27856.3
"EBS_pcod","0",1997,416060,27098
"EBS_pcod","0",1998,364957,26470.7
"EBS_pcod","0",1999,352596,27436.7
"EBS_pcod","0",2000,373291,29688.3
"EBS_pcod","0",2001,396109,29755.3
"EBS_pcod","0",2002,430640,29908.5
"EBS_pcod","0",2003,444675,29412.8
"EBS_pcod","0",2004,454303,28241.4
"EBS_pcod","0",2005,445161,26912.9
"EBS_pcod","0",2006,394578,24470.9
"EBS_pcod","0",2007,345819,22873.7
"EBS_pcod","0",2008,299623,20572.3
"EBS_pcod","0",2009,272924,20137.9
"EBS_pcod","0",2010,271488,20398.7
"EBS_pcod","0",2011,329705,22302.9
"EBS_pcod","0",2012,384471,25088.7
"EBS_pcod","0",2013,430407,28484.3
"EBS_pcod","0",2014,436240,31059.2
"EBS_pcod","0",2015,446664,34430.2
"EBS_pcod","0",2016,511202,40934
"EBS_pcod","0",2017,589865,48962.2
"EBS_pcod","0",2018,640852,54752.5
"EBS_pcod","0",2019,629386,56528.9
"GOA_NRS","-1",1975,62439.5,NA
"GOA_NRS","-1",1976,50047,NA
"GOA_NRS","-1",1977,47560.7,10282.7
"GOA_NRS","-1",1978,46914.1,10156.5
"GOA_NRS","-1",1979,46210.1,9980.37
"GOA_NRS","-1",1980,45362.9,9750.31
"GOA_NRS","-1",1981,44504.8,9473.57
"GOA_NRS","-1",1982,43530.1,9165.18
"GOA_NRS","-1",1983,43528.6,8832.35
"GOA_NRS","-1",1984,43486.2,8463.57
"GOA_NRS","-1",1985,44308.6,8126.32
"GOA_NRS","-1",1986,45557.7,7797.08
"GOA_NRS","-1",1987,46415.4,7423.19
"GOA_NRS","-1",1988,46220.4,6994.28
"GOA_NRS","-1",1989,45936.8,6524.32
"GOA_NRS","-1",1990,45045.2,6040.01
"GOA_NRS","-1",1991,44615.4,5583.16
"GOA_NRS","-1",1992,45120.1,5183.15
"GOA_NRS","-1",1993,46220.9,4815.58
"GOA_NRS","-1",1994,47704,4483.41
"GOA_NRS","-1",1995,48421.9,4183.01
"GOA_NRS","-1",1996,47475.3,3850.29
"GOA_NRS","-1",1997,45608,3538.62
"GOA_NRS","-1",1998,44067,3286.37
"GOA_NRS","-1",1999,42880.5,3075.02
"GOA_NRS","-1",2000,41928.5,2895.01
"GOA_NRS","-1",2001,41299.3,2777.79
"GOA_NRS","-1",2002,42221.8,2742.3
"GOA_NRS","-1",2003,43709,2748.84
"GOA_NRS","-1",2004,46446.7,2782.41
"GOA_NRS","-1",2005,50580.2,2865.28
"GOA_NRS","-1",2006,54403.7,2994.18
"GOA_NRS","-1",2007,54695.9,3050.65
"GOA_NRS","-1",2008,52054.7,3004.51
"GOA_NRS","-1",2009,48904.2,2949.04
"GOA_NRS","-1",2010,47528.6,3002.22
"GOA_NRS","-1",2011,48269.4,3161.61
"GOA_NRS","-1",2012,48675.1,3316.31
"GOA_NRS","-1",2013,47473.2,3381.69
"GOA_NRS","-1",2014,44972.8,3385.15
"GOA_NRS","-1",2015,42957.5,3425.19
"GOA_NRS","-1",2016,43208.6,3699.15
"GOA_NRS","-10",1975,65419.3,NA
"GOA_NRS","-10",1976,52743.2,NA
"GOA_NRS","-10",1977,50004.7,11062.5
"GOA_NRS","-10",1978,49309.5,10911
"GOA_NRS","-10",1979,48550.7,10706.3
"GOA_NRS","-10",1980,47642.7,10445.1
"GOA_NRS","-10",1981,46720.6,10135.4
"GOA_NRS","-10",1982,45682.9,9794.67
"GOA_NRS","-10",1983,45637.8,9435.37
"GOA_NRS","-10",1984,45583.6,9061.94
"GOA_NRS","-10",1985,46425.1,8729.11
"GOA_NRS","-10",1986,47690.6,8399.2
"GOA_NRS","-10",1987,48529.3,8014.07
"GOA_NRS","-10",1988,48283.7,7567.92
"GOA_NRS","-10",1989,47932,7074.45
"GOA_NRS","-10",1990,46966,6569.04
"GOA_NRS","-10",1991,46497.7,6102.69
"GOA_NRS","-10",1992,47003.7,5709.78
"GOA_NRS","-10",1993,48087.3,5370.46
"GOA_NRS","-10",1994,49445,5077.38
"GOA_NRS","-10",1995,49923.4,4775.09
"GOA_NRS","-10",1996,48699,4423.5
"GOA_NRS","-10",1997,46607.8,4100.09
"GOA_NRS","-10",1998,44932.9,3841.66
"GOA_NRS","-10",1999,43669.2,3618.85
"GOA_NRS","-10",2000,42652.7,3429.53
"GOA_NRS","-10",2001,41977,3329.48
"GOA_NRS","-10",2002,42997,3354.04
"GOA_NRS","-10",2003,44874.1,3474.76
"GOA_NRS","-10",2004,48330.5,3688.1
"GOA_NRS","-10",2005,53370,4036.83
"GOA_NRS","-10",2006,58242.7,4508.82
"GOA_NRS","-10",2007,59556.5,4848.58
"GOA_NRS","-2",1975,62912,NA
"GOA_NRS","-2",1976,50207.6,NA
"GOA_NRS","-2",1977,47646.2,10297.4
"GOA_NRS","-2",1978,46984.2,10167.4
"GOA_NRS","-2",1979,46264.3,9987.21
"GOA_NRS","-2",1980,45399.4,9753.02
"GOA_NRS","-2",1981,44522.6,9472.06
"GOA_NRS","-2",1982,43525.1,9159
"GOA_NRS","-2",1983,43518.1,8821.52
"GOA_NRS","-2",1984,43489.5,8452.18
"GOA_NRS","-2",1985,44330.9,8116.09
"GOA_NRS","-2",1986,45593.2,7786.99
"GOA_NRS","-2",1987,46462.4,7413.75
"GOA_NRS","-2",1988,46270.2,6986.49
"GOA_NRS","-2",1989,45990.4,6519.07
"GOA_NRS","-2",1990,45092.8,6037.5
"GOA_NRS","-2",1991,44637.7,5583.46
"GOA_NRS","-2",1992,45102.8,5186.43
"GOA_NRS","-2",1993,46160.6,4823.72
"GOA_NRS","-2",1994,47606.2,4498.51
"GOA_NRS","-2",1995,48355.3,4203.46
"GOA_NRS","-2",1996,47467.2,3875.99
"GOA_NRS","-2",1997,45661.7,3568.81
"GOA_NRS","-2",1998,44193.9,3320.26
"GOA_NRS","-2",1999,43093.3,3111.88
"GOA_NRS","-2",2000,42226.6,2934.08
"GOA_NRS","-2",2001,41658.9,2817
"GOA_NRS","-2",2002,42643.9,2781.21
"GOA_NRS","-2",2003,44176.2,2788.17
"GOA_NRS","-2",2004,46905.2,2821.78
"GOA_NRS","-2",2005,50981.5,2904.86
"GOA_NRS","-2",2006,54719.6,3033.91
"GOA_NRS","-2",2007,54969.7,3090.47
"GOA_NRS","-2",2008,52327.2,3045.7
"GOA_NRS","-2",2009,49191.6,2993.89
"GOA_NRS","-2",2010,47802.5,3051.32
"GOA_NRS","-2",2011,48459,3211.19
"GOA_NRS","-2",2012,48706,3360.68
"GOA_NRS","-2",2013,47355.8,3417.08
"GOA_NRS","-2",2014,44687.9,3405.63
"GOA_NRS","-2",2015,42348.1,3410.38
"GOA_NRS","-3",1975,66440.5,NA
"GOA_NRS","-3",1976,53034.4,NA
"GOA_NRS","-3",1977,50078,10787.1
"GOA_NRS","-3",1978,49336.1,10628.5
"GOA_NRS","-3",1979,48526.4,10416.5
"GOA_NRS","-3",1980,47562.4,10148.4
"GOA_NRS","-3",1981,46577.9,9831.85
"GOA_NRS","-3",1982,45466.2,9482.45
"GOA_NRS","-3",1983,45337.5,9107.61
"GOA_NRS","-3",1984,45174.1,8699.84
"GOA_NRS","-3",1985,45863.5,8322.11
"GOA_NRS","-3",1986,46957.4,7951.28
"GOA_NRS","-3",1987,47656.9,7541.7
"GOA_NRS","-3",1988,47298.6,7084.98
"GOA_NRS","-3",1989,46860.6,6593.92
"GOA_NRS","-3",1990,45808.3,6093.54
"GOA_NRS","-3",1991,45179.8,5624.23
"GOA_NRS","-3",1992,45447.4,5214.29
"GOA_NRS","-3",1993,46289.6,4845.72
"GOA_NRS","-3",1994,47497.5,4520.87
"GOA_NRS","-3",1995,48111,4224.27
"GOA_NRS","-3",1996,47152.5,3898.63
"GOA_NRS","-3",1997,45319.9,3596.22
"GOA_NRS","-3",1998,43865.9,3354.1
"GOA_NRS","-3",1999,42815.6,3152.78
"GOA_NRS","-3",2000,42025,2983.14
"GOA_NRS","-3",2001,41561.8,2878.63
"GOA_NRS","-3",2002,42692.7,2863.09
"GOA_NRS","-3",2003,44481.7,2900.19
"GOA_NRS","-3",2004,47655.2,2977.26
"GOA_NRS","-3",2005,52410.7,3122.41
"GOA_NRS","-3",2006,56960.3,3329.6
"GOA_NRS","-3",2007,57760.8,3448.96
"GOA_NRS","-3",2008,55403.6,3445.92
"GOA_NRS","-3",2009,52512.2,3440.68
"GOA_NRS","-3",2010,51626.3,3591.13
"GOA_NRS","-3",2011,53165.5,3903.94
"GOA_NRS","-3",2012,54369.5,4220.88
"GOA_NRS","-3",2013,53605.7,4403.73
"GOA_NRS","-3",2014,51278.4,4491.8
"GOA_NRS","-4",1975,62917.5,NA
"GOA_NRS","-4",1976,50199,NA
"GOA_NRS","-4",1977,47505.2,10380.8
"GOA_NRS","-4",1978,46820.3,10237.3
"GOA_NRS","-4",1979,46074.9,10042.2
"GOA_NRS","-4",1980,45182.9,9792.7
"GOA_NRS","-4",1981,44275.6,9496.5
"GOA_NRS","-4",1982,43245.6,9169.32
"GOA_NRS","-4",1983,43187.2,8816.85
"GOA_NRS","-4",1984,43089.8,8436.2
"GOA_NRS","-4",1985,43835,8086.97
"GOA_NRS","-4",1986,44979.9,7743.63
"GOA_NRS","-4",1987,45732.3,7358.37
"GOA_NRS","-4",1988,45439.8,6924.91
"GOA_NRS","-4",1989,45069.5,6454.16
"GOA_NRS","-4",1990,44091,5975.51
"GOA_NRS","-4",1991,43531.5,5531.87
"GOA_NRS","-4",1992,43858.7,5153.09
"GOA_NRS","-4",1993,44758.2,4821.73
"GOA_NRS","-4",1994,46034,4537.54
"GOA_NRS","-4",1995,46710.9,4260.23
"GOA_NRS","-4",1996,45840.7,3945.57
"GOA_NRS","-4",1997,44125.7,3656.94
"GOA_NRS","-4",1998,42804.1,3428.55
"GOA_NRS","-4",1999,41887.3,3235
"GOA_NRS","-4",2000,41245,3073.39
"GOA_NRS","-4",2001,40992.6,2993.33
"GOA_NRS","-4",2002,42421.8,3017.33
"GOA_NRS","-4",2003,44568.8,3102.29
"GOA_NRS","-4",2004,48114.8,3229.27
"GOA_NRS","-4",2005,53273.6,3430.74
"GOA_NRS","-4",2006,58215.3,3690.35
"GOA_NRS","-4",2007,59254.2,3822.57
"GOA_NRS","-4",2008,57031.6,3808.23
"GOA_NRS","-4",2009,54338.8,3802.93
"GOA_NRS","-4",2010,53870.7,3992.79
"GOA_NRS","-4",2011,55955.8,4368.81
"GOA_NRS","-4",2012,57560.7,4731.4
"GOA_NRS","-4",2013,56879.8,4916.16
"GOA_NRS","-5",1975,63110.6,NA
"GOA_NRS","-5",1976,50319.8,NA
"GOA_NRS","-5",1977,47647,10474.3
"GOA_NRS","-5",1978,46966.2,10331.2
"GOA_NRS","-5",1979,46226.5,10136.4
"GOA_NRS","-5",1980,45340.4,9887.24
"GOA_NRS","-5",1981,44440.3,9591.02
"GOA_NRS","-5",1982,43416.7,9263.46
"GOA_NRS","-5",1983,43375,8910.39
"GOA_NRS","-5",1984,43292.1,8528.68
"GOA_NRS","-5",1985,44061.9,8177.93
"GOA_NRS","-5",1986,45241.6,7832.59
"GOA_NRS","-5",1987,46031.5,7444.99
"GOA_NRS","-5",1988,45771.4,7008.8
"GOA_NRS","-5",1989,45434.6,6534.76
"GOA_NRS","-5",1990,44477.3,6052.06
"GOA_NRS","-5",1991,43935.3,5603.34
"GOA_NRS","-5",1992,44286.5,5219.56
"GOA_NRS","-5",1993,45207.8,4884.97
"GOA_NRS","-5",1994,46502.9,4598.88
"GOA_NRS","-5",1995,47192,4319.63
"GOA_NRS","-5",1996,46313,4002.76
"GOA_NRS","-5",1997,44583.5,3713.92
"GOA_NRS","-5",1998,43266.9,3487.41
"GOA_NRS","-5",1999,42380.3,3296.21
"GOA_NRS","-5",2000,41776.2,3137.92
"GOA_NRS","-5",2001,41532.2,3063.52
"GOA_NRS","-5",2002,42953.9,3095.84
"GOA_NRS","-5",2003,45134,3195.59
"GOA_NRS","-5",2004,48768.7,3346.15
"GOA_NRS","-5",2005,54007.2,3581.87
"GOA_NRS","-5",2006,59024.9,3888.35
"GOA_NRS","-5",2007,60141.7,4064.92
"GOA_NRS","-5",2008,58028.1,4090.1
"GOA_NRS","-5",2009,55535.4,4141.51
"GOA_NRS","-5",2010,55387.3,4436.08
"GOA_NRS","-5",2011,57851.5,4960.46
"GOA_NRS","-5",2012,59925,5489.03
"GOA_NRS","-6",1975,64411.2,NA
"GOA_NRS","-6",1976,51466.7,NA
"GOA_NRS","-6",1977,48696.6,10667.1
"GOA_NRS","-6",1978,47996.4,10517.7
"GOA_NRS","-6",1979,47234,10315.9
"GOA_NRS","-6",1980,46322.7,10059
"GOA_NRS","-6",1981,45395,9754.59
"GOA_NRS","-6",1982,44343.4,9418.71
"GOA_NRS","-6",1983,44270.8,9057.54
"GOA_NRS","-6",1984,44161.5,8670.24
"GOA_NRS","-6",1985,44906.7,8314.54
"GOA_NRS","-6",1986,46061.3,7963.75
"GOA_NRS","-6",1987,46824.3,7569.81
"GOA_NRS","-6",1988,46537.1,7127.06
"GOA_NRS","-6",1989,46170.3,6645.69
"GOA_NRS","-6",1990,45187.2,6156.1
"GOA_NRS","-6",1991,44628.7,5701.8
"GOA_NRS","-6",1992,44974.1,5313.76
"GOA_NRS","-6",1993,45901.7,4976.7
"GOA_NRS","-6",1994,47206.3,4688.67
"GOA_NRS","-6",1995,47882.3,4403.39
"GOA_NRS","-6",1996,46977.4,4079.66
"GOA_NRS","-6",1997,45216.8,3785.3
"GOA_NRS","-6",1998,43861.3,3553.48
"GOA_NRS","-6",1999,42926.4,3355.86
"GOA_NRS","-6",2000,42263.5,3191.07
"GOA_NRS","-6",2001,41946.3,3112.32
"GOA_NRS","-6",2002,43283.9,3141.99
"GOA_NRS","-6",2003,45370.8,3240.26
"GOA_NRS","-6",2004,48899,3389.6
"GOA_NRS","-6",2005,54011.1,3625.64
"GOA_NRS","-6",2006,58875.5,3932.1
"GOA_NRS","-6",2007,59872.4,4104.14
"GOA_NRS","-6",2008,57679.1,4122.22
"GOA_NRS","-6",2009,55101.1,4165.99
"GOA_NRS","-6",2010,54848,4455.13
"GOA_NRS","-6",2011,57375.3,4995.75
"GOA_NRS","-7",1975,66689.7,NA
"GOA_NRS","-7",1976,53238.5,NA
"GOA_NRS","-7",1977,50282.7,10952
"GOA_NRS","-7",1978,49542.8,10790.3
"GOA_NRS","-7",1979,48736.7,10574.9
"GOA_NRS","-7",1980,47776.5,10303
"GOA_NRS","-7",1981,46796.7,9982.48
"GOA_NRS","-7",1982,45688.3,9629.09
"GOA_NRS","-7",1983,45567.6,9251.36
"GOA_NRS","-7",1984,45401.3,8846.07
"GOA_NRS","-7",1985,46090.4,8470.26
"GOA_NRS","-7",1986,47189.4,8098.8
"GOA_NRS","-7",1987,47898.5,7687.2
"GOA_NRS","-7",1988,47553.2,7228.86
"GOA_NRS","-7",1989,47136.2,6735.51
"GOA_NRS","-7",1990,46096.1,6233.62
"GOA_NRS","-7",1991,45469.5,5763.99
"GOA_NRS","-7",1992,45736.2,5356.76
"GOA_NRS","-7",1993,46559.3,4998.22
"GOA_NRS","-7",1994,47712,4687.6
"GOA_NRS","-7",1995,48271.2,4394.76
"GOA_NRS","-7",1996,47258.5,4069.78
"GOA_NRS","-7",1997,45407.8,3772.43
"GOA_NRS","-7",1998,44017.2,3538.74
"GOA_NRS","-7",1999,43097.6,3344.95
"GOA_NRS","-7",2000,42451.2,3184.48
"GOA_NRS","-7",2001,42111.8,3099.13
"GOA_NRS","-7",2002,43416,3118.24
"GOA_NRS","-7",2003,45510.2,3211.86
"GOA_NRS","-7",2004,49132.1,3373.45
"GOA_NRS","-7",2005,54348.6,3641.55
"GOA_NRS","-7",2006,59221.2,3999.9
"GOA_NRS","-7",2007,60299.1,4245.13
"GOA_NRS","-7",2008,58278.1,4341.78
"GOA_NRS","-7",2009,56016.2,4485.75
"GOA_NRS","-7",2010,56727.1,5001.35
"GOA_NRS","-8",1975,66590,NA
"GOA_NRS","-8",1976,53146.9,NA
"GOA_NRS","-8",1977,50187.8,10930.7
"GOA_NRS","-8",1978,49447.7,10769.8
"GOA_NRS","-8",1979,48641.8,10555.3
"GOA_NRS","-8",1980,47682.2,10284.2
"GOA_NRS","-8",1981,46703.9,9964.62
"GOA_NRS","-8",1982,45597.9,9612.42
"GOA_NRS","-8",1983,45483.5,9237.51
"GOA_NRS","-8",1984,45321.2,8837.87
"GOA_NRS","-8",1985,46017.7,8469.34
"GOA_NRS","-8",1986,47125.2,8105.18
"GOA_NRS","-8",1987,47839.7,7699.61
"GOA_NRS","-8",1988,47494.8,7245.96
"GOA_NRS","-8",1989,47079.1,6756.3
"GOA_NRS","-8",1990,46040.1,6257.74
"GOA_NRS","-8",1991,45422.1,5792.53
"GOA_NRS","-8",1992,45704.5,5391.56
"GOA_NRS","-8",1993,46546.7,5040.28
"GOA_NRS","-8",1994,47718.5,4737.32
"GOA_NRS","-8",1995,48278.9,4448.58
"GOA_NRS","-8",1996,47253.8,4124.36
"GOA_NRS","-8",1997,45384.1,3825.91
"GOA_NRS","-8",1998,43971.5,3590.24
"GOA_NRS","-8",1999,43025.4,3393.76
"GOA_NRS","-8",2000,42355.4,3230.13
"GOA_NRS","-8",2001,42009,3140.73
"GOA_NRS","-8",2002,43322.9,3156.54
"GOA_NRS","-8",2003,45441.6,3248.35
"GOA_NRS","-8",2004,49103.4,3410.18
"GOA_NRS","-8",2005,54351.7,3680.03
"GOA_NRS","-8",2006,59253.7,4040.5
"GOA_NRS","-8",2007,60347.8,4285.53
"GOA_NRS","-8",2008,58344.3,4381.36
"GOA_NRS","-8",2009,56135.8,4528.02
"GOA_NRS","-9",1975,65080.1,NA
"GOA_NRS","-9",1976,52237.8,NA
"GOA_NRS","-9",1977,49489.8,10920.3
"GOA_NRS","-9",1978,48792.8,10769.3
"GOA_NRS","-9",1979,48033.5,10565.7
"GOA_NRS","-9",1980,47125.2,10306
"GOA_NRS","-9",1981,46203.1,9998.15
"GOA_NRS","-9",1982,45162,9658.69
"GOA_NRS","-9",1983,45115.5,9299.4
"GOA_NRS","-9",1984,45045.8,8920.67
"GOA_NRS","-9",1985,45860.7,8579.15
"GOA_NRS","-9",1986,47097.7,8241.63
"GOA_NRS","-9",1987,47921.4,7854.31
"GOA_NRS","-9",1988,47670.2,7410.27
"GOA_NRS","-9",1989,47326.7,6923.21
"GOA_NRS","-9",1990,46364.2,6424.62
"GOA_NRS","-9",1991,45874,5962.17
"GOA_NRS","-9",1992,46336.1,5569.55
"GOA_NRS","-9",1993,47369.3,5227.63
"GOA_NRS","-9",1994,48697.7,4932.08
"GOA_NRS","-9",1995,49237.4,4638.9
"GOA_NRS","-9",1996,48123.2,4300.97
"GOA_NRS","-9",1997,46170.1,3988.8
"GOA_NRS","-9",1998,44664,3741.55
"GOA_NRS","-9",1999,43589.5,3533.81
"GOA_NRS","-9",2000,42767.8,3359.45
"GOA_NRS","-9",2001,42295.6,3265.1
"GOA_NRS","-9",2002,43533,3288.23
"GOA_NRS","-9",2003,45604.2,3401.43
"GOA_NRS","-9",2004,49201.1,3600.84
"GOA_NRS","-9",2005,54287,3928.25
"GOA_NRS","-9",2006,59024.2,4372.23
"GOA_NRS","-9",2007,60079.6,4692.74
"GOA_NRS","-9",2008,58072.8,4846.36
"GOA_NRS","0",1975,59386.9,NA
"GOA_NRS","0",1976,47662.7,NA
"GOA_NRS","0",1977,45479.3,9897.52
"GOA_NRS","0",1978,44896.3,9792.47
"GOA_NRS","0",1979,44263.4,9639.97
"GOA_NRS","0",1980,43495.6,9435.5
"GOA_NRS","0",1981,42723.6,9185.86
"GOA_NRS","0",1982,41842.2,8905.77
"GOA_NRS","0",1983,41929.3,8602.48
"GOA_NRS","0",1984,41982.3,8263.66
"GOA_NRS","0",1985,42910,7959.31
"GOA_NRS","0",1986,44277.9,7664.19
"GOA_NRS","0",1987,45254.9,7319.69
"GOA_NRS","0",1988,45180.9,6914.19
"GOA_NRS","0",1989,45008.3,6462.48
"GOA_NRS","0",1990,44230.4,5993.11
"GOA_NRS","0",1991,43938.2,5549.91
"GOA_NRS","0",1992,44601.2,5163.36
"GOA_NRS","0",1993,45866.2,4804.7
"GOA_NRS","0",1994,47527.5,4476.67
"GOA_NRS","0",1995,48315.7,4179.01
"GOA_NRS","0",1996,47389.1,3844.77
"GOA_NRS","0",1997,45523.9,3529.86
"GOA_NRS","0",1998,43959.7,3273.94
"GOA_NRS","0",1999,42715.9,3058.46
"GOA_NRS","0",2000,41683.6,2873.18
"GOA_NRS","0",2001,40959.7,2748.62
"GOA_NRS","0",2002,41741.6,2703.06
"GOA_NRS","0",2003,43036.9,2695.59
"GOA_NRS","0",2004,45531,2709.64
"GOA_NRS","0",2005,49348.6,2764.04
"GOA_NRS","0",2006,52824.2,2855.88
"GOA_NRS","0",2007,52874.1,2881.85
"GOA_NRS","0",2008,50098.8,2814.78
"GOA_NRS","0",2009,46814.8,2735.58
"GOA_NRS","0",2010,45182.8,2744.08
"GOA_NRS","0",2011,45548.7,2836.83
"GOA_NRS","0",2012,45604.2,2923.35
"GOA_NRS","0",2013,44195.7,2939.35
"GOA_NRS","0",2014,41581.5,2904.86
"GOA_NRS","0",2015,39419.4,2892.44
"GOA_NRS","0",2016,39273.8,3039.13
"GOA_NRS","0",2017,41818.6,3460.44
"GOA_pcod","-1",1975,442787,NA
"GOA_pcod","-1",1976,274302,NA
"GOA_pcod","-1",1977,249200,53769.2
"GOA_pcod","-1",1978,275394,56710.4
"GOA_pcod","-1",1979,267216,53127.5
"GOA_pcod","-1",1980,257944,48092
"GOA_pcod","-1",1981,296473,52405.2
"GOA_pcod","-1",1982,361855,61940.3
"GOA_pcod","-1",1983,380150,63239.5
"GOA_pcod","-1",1984,384890,61624.1
"GOA_pcod","-1",1985,423428,61641.2
"GOA_pcod","-1",1986,484358,60693.6
"GOA_pcod","-1",1987,530942,57946
"GOA_pcod","-1",1988,534053,51000.4
"GOA_pcod","-1",1989,549158,45487.1
"GOA_pcod","-1",1990,551051,40308.1
"GOA_pcod","-1",1991,504081,34912.7
"GOA_pcod","-1",1992,463392,31014.5
"GOA_pcod","-1",1993,426874,27832.2
"GOA_pcod","-1",1994,429677,26018
"GOA_pcod","-1",1995,432675,23880
"GOA_pcod","-1",1996,387451,20556.6
"GOA_pcod","-1",1997,329027,17226.4
"GOA_pcod","-1",1998,272271,14530.5
"GOA_pcod","-1",1999,240319,13050.6
"GOA_pcod","-1",2000,215314,12232.5
"GOA_pcod","-1",2001,197399,11323.6
"GOA_pcod","-1",2002,186388,10375.3
"GOA_pcod","-1",2003,183728,9937.61
"GOA_pcod","-1",2004,186749,10170.1
"GOA_pcod","-1",2005,180937,10011.9
"GOA_pcod","-1",2006,164866,9025
"GOA_pcod","-1",2007,145132,8045.09
"GOA_pcod","-1",2008,130259,7608.17
"GOA_pcod","-1",2009,134390,8252.28
"GOA_pcod","-1",2010,173797,10302.7
"GOA_pcod","-1",2011,202843,12614.6
"GOA_pcod","-1",2012,225313,15245.7
"GOA_pcod","-1",2013,242613,17721.1
"GOA_pcod","-1",2014,242523,19684.6
"GOA_pcod","-1",2015,168367,11806.6
"GOA_pcod","-1",2016,130797,8803.85
"GOA_pcod","-1",2017,98969.5,7696.57
"GOA_pcod","-1",2018,84830.3,8136.88
"GOA_pcod","-10",1975,496459,NA
"GOA_pcod","-10",1976,363629,NA
"GOA_pcod","-10",1977,320583,66191.1
"GOA_pcod","-10",1978,345402,67296.2
"GOA_pcod","-10",1979,338811,62760.9
"GOA_pcod","-10",1980,339643,58492
"GOA_pcod","-10",1981,382352,62729.5
"GOA_pcod","-10",1982,445973,70082.1
"GOA_pcod","-10",1983,462692,70157.8
"GOA_pcod","-10",1984,465314,67116
"GOA_pcod","-10",1985,504932,65495.7
"GOA_pcod","-10",1986,564263,62519.9
"GOA_pcod","-10",1987,611148,57754.2
"GOA_pcod","-10",1988,611805,49752.7
"GOA_pcod","-10",1989,619397,43152
"GOA_pcod","-10",1990,615071,37542.5
"GOA_pcod","-10",1991,562472,31986.6
"GOA_pcod","-10",1992,520928,27965.5
"GOA_pcod","-10",1993,479591,24458.5
"GOA_pcod","-10",1994,479168,22506.2
"GOA_pcod","-10",1995,475752,20526.2
"GOA_pcod","-10",1996,423648,17825.3
"GOA_pcod","-10",1997,361187,15212.8
"GOA_pcod","-10",1998,302515,13082.7
"GOA_pcod","-10",1999,270076,11850.7
"GOA_pcod","-10",2000,242729,11023.9
"GOA_pcod","-10",2001,223126,10249.9
"GOA_pcod","-10",2002,211420,9567.24
"GOA_pcod","-10",2003,209184,9384.22
"GOA_pcod","-10",2004,212290,9889.98
"GOA_pcod","-10",2005,206457,10328
"GOA_pcod","-10",2006,190262,10170.3
"GOA_pcod","-10",2007,170919,10100.6
"GOA_pcod","-10",2008,158003,10887.6
"GOA_pcod","-10",2009,167577,14359.6
"GOA_pcod","-2",1975,442644,NA
"GOA_pcod","-2",1976,274716,NA
"GOA_pcod","-2",1977,247254,55525.4
"GOA_pcod","-2",1978,273040,58315.5
"GOA_pcod","-2",1979,265408,54664.9
"GOA_pcod","-2",1980,256833,49915.5
"GOA_pcod","-2",1981,293021,54908.8
"GOA_pcod","-2",1982,355697,64721.3
"GOA_pcod","-2",1983,373565,65823.2
"GOA_pcod","-2",1984,377953,64249.3
"GOA_pcod","-2",1985,415330,64687.1
"GOA_pcod","-2",1986,474107,64546.5
"GOA_pcod","-2",1987,519364,62507.2
"GOA_pcod","-2",1988,522190,55866.8
"GOA_pcod","-2",1989,536313,50640.7
"GOA_pcod","-2",1990,538172,45412.8
"GOA_pcod","-2",1991,491989,39641.2
"GOA_pcod","-2",1992,452084,35504.9
"GOA_pcod","-2",1993,416096,32175.4
"GOA_pcod","-2",1994,419248,30310
"GOA_pcod","-2",1995,422889,27852.8
"GOA_pcod","-2",1996,378937,23851.9
"GOA_pcod","-2",1997,321944,19786.7
"GOA_pcod","-2",1998,266495,16535.7
"GOA_pcod","-2",1999,235199,14812.9
"GOA_pcod","-2",2000,210356,13887.1
"GOA_pcod","-2",2001,192718,12809.3
"GOA_pcod","-2",2002,182016,11670.2
"GOA_pcod","-2",2003,179310,11142.8
"GOA_pcod","-2",2004,181733,11359.7
"GOA_pcod","-2",2005,175488,11087.4
"GOA_pcod","-2",2006,159561,9882.24
"GOA_pcod","-2",2007,140129,8709.59
"GOA_pcod","-2",2008,125572,8190.58
"GOA_pcod","-2",2009,129404,8971.57
"GOA_pcod","-2",2010,167544,11336.8
"GOA_pcod","-2",2011,195407,13945.5
"GOA_pcod","-2",2012,216602,16813.3
"GOA_pcod","-2",2013,233686,19351.3
"GOA_pcod","-2",2014,234911,21223.8
"GOA_pcod","-2",2015,160713,12672.9
"GOA_pcod","-2",2016,124341,9635.02
"GOA_pcod","-2",2017,96871.1,8758.76
"GOA_pcod","-3",1975,444730,NA
"GOA_pcod","-3",1976,273755,NA
"GOA_pcod","-3",1977,242599,60436.1
"GOA_pcod","-3",1978,268735,63308.3
"GOA_pcod","-3",1979,262166,59506.1
"GOA_pcod","-3",1980,253792,55031.7
"GOA_pcod","-3",1981,285268,61331.4
"GOA_pcod","-3",1982,343553,72201.1
"GOA_pcod","-3",1983,361434,73168.5
"GOA_pcod","-3",1984,365917,71822.3
"GOA_pcod","-3",1985,402442,73345.6
"GOA_pcod","-3",1986,459222,74958.6
"GOA_pcod","-3",1987,503134,74195.9
"GOA_pcod","-3",1988,506484,67804.5
"GOA_pcod","-3",1989,519883,62758.2
"GOA_pcod","-3",1990,521902,57081.9
"GOA_pcod","-3",1991,476914,50283.8
"GOA_pcod","-3",1992,437988,45404.3
"GOA_pcod","-3",1993,402463,41570.3
"GOA_pcod","-3",1994,405707,39508.3
"GOA_pcod","-3",1995,410125,36384.9
"GOA_pcod","-3",1996,368287,31006.4
"GOA_pcod","-3",1997,313591,25398.7
"GOA_pcod","-3",1998,260186,20941.1
"GOA_pcod","-3",1999,229690,18642.5
"GOA_pcod","-3",2000,204717,17456.3
"GOA_pcod","-3",2001,187271,16028.5
"GOA_pcod","-3",2002,176890,14499.5
"GOA_pcod","-3",2003,174089,13783.2
"GOA_pcod","-3",2004,175761,13993.8
"GOA_pcod","-3",2005,169116,13554.2
"GOA_pcod","-3",2006,153653,11957.9
"GOA_pcod","-3",2007,134722,10404.7
"GOA_pcod","-3",2008,120019,9656.02
"GOA_pcod","-3",2009,122168,10567.4
"GOA_pcod","-3",2010,156404,13343.8
"GOA_pcod","-3",2011,178742,16323.2
"GOA_pcod","-3",2012,191825,19535.9
"GOA_pcod","-3",2013,200369,22232
"GOA_pcod","-3",2014,193928,23917.4
"GOA_pcod","-3",2015,146930,15007
"GOA_pcod","-3",2016,136319,16380
"GOA_pcod","-4",1975,445127,NA
"GOA_pcod","-4",1976,271735,NA
"GOA_pcod","-4",1977,237378,64973
"GOA_pcod","-4",1978,263127,67796.5
"GOA_pcod","-4",1979,257376,63786.2
"GOA_pcod","-4",1980,249734,59617.8
"GOA_pcod","-4",1981,278641,67273.4
"GOA_pcod","-4",1982,333940,79254.8
"GOA_pcod","-4",1983,351594,80100.3
"GOA_pcod","-4",1984,355837,78813.6
"GOA_pcod","-4",1985,391302,81047.5
"GOA_pcod","-4",1986,446235,83768.6
"GOA_pcod","-4",1987,489202,83757.1
"GOA_pcod","-4",1988,493136,77268.3
"GOA_pcod","-4",1989,506413,72093.4
"GOA_pcod","-4",1990,508712,65884.9
"GOA_pcod","-4",1991,464716,58208.7
"GOA_pcod","-4",1992,426728,52727.9
"GOA_pcod","-4",1993,391745,48463.1
"GOA_pcod","-4",1994,395215,46227
"GOA_pcod","-4",1995,400154,42580.6
"GOA_pcod","-4",1996,359503,36151.5
"GOA_pcod","-4",1997,306182,29403.3
"GOA_pcod","-4",1998,253954,24064.8
"GOA_pcod","-4",1999,224124,21356.9
"GOA_pcod","-4",2000,199498,20004.3
"GOA_pcod","-4",2001,182525,18351.6
"GOA_pcod","-4",2002,172673,16574.3
"GOA_pcod","-4",2003,170126,15758.2
"GOA_pcod","-4",2004,171655,16004.3
"GOA_pcod","-4",2005,165056,15462.1
"GOA_pcod","-4",2006,149925,13569
"GOA_pcod","-4",2007,131221,11728
"GOA_pcod","-4",2008,116588,10846.5
"GOA_pcod","-4",2009,118233,11959.5
"GOA_pcod","-4",2010,151167,15290.7
"GOA_pcod","-4",2011,172281,18900.7
"GOA_pcod","-4",2012,183479,22784.5
"GOA_pcod","-4",2013,190782,26075.6
"GOA_pcod","-4",2014,184936,28285.4
"GOA_pcod","-4",2015,122745,14730.3
"GOA_pcod","-5",1975,444406,NA
"GOA_pcod","-5",1976,275724,NA
"GOA_pcod","-5",1977,239639,79892.4
"GOA_pcod","-5",1978,265237,82816.7
"GOA_pcod","-5",1979,259747,77842.3
"GOA_pcod","-5",1980,252594,73980
"GOA_pcod","-5",1981,280177,85101.6
"GOA_pcod","-5",1982,334451,100309
"GOA_pcod","-5",1983,351999,100912
"GOA_pcod","-5",1984,355942,99585.9
"GOA_pcod","-5",1985,391217,103464
"GOA_pcod","-5",1986,445432,108633
"GOA_pcod","-5",1987,488837,110409
"GOA_pcod","-5",1988,493480,103417
"GOA_pcod","-5",1989,506637,97680.6
"GOA_pcod","-5",1990,508943,90113.5
"GOA_pcod","-5",1991,465067,80140.4
"GOA_pcod","-5",1992,427531,73023.9
"GOA_pcod","-5",1993,392539,67470.8
"GOA_pcod","-5",1994,396195,64705.9
"GOA_pcod","-5",1995,401027,59724.7
"GOA_pcod","-5",1996,360444,50648.7
"GOA_pcod","-5",1997,307466,40986.5
"GOA_pcod","-5",1998,255688,33318.7
"GOA_pcod","-5",1999,226103,29528.8
"GOA_pcod","-5",2000,201258,27724.1
"GOA_pcod","-5",2001,184235,25462.2
"GOA_pcod","-5",2002,174433,23005.5
"GOA_pcod","-5",2003,172074,21904.6
"GOA_pcod","-5",2004,173849,22279.2
"GOA_pcod","-5",2005,167583,21551
"GOA_pcod","-5",2006,152614,18932.6
"GOA_pcod","-5",2007,133836,16358.1
"GOA_pcod","-5",2008,118595,15059.8
"GOA_pcod","-5",2009,119459,16565.6
"GOA_pcod","-5",2010,151813,21051.4
"GOA_pcod","-5",2011,171819,25812.3
"GOA_pcod","-5",2012,179860,30589.6
"GOA_pcod","-5",2013,181362,34016.7
"GOA_pcod","-5",2014,170109,35745.1
"GOA_pcod","-6",1975,466313,NA
"GOA_pcod","-6",1976,313795,NA
"GOA_pcod","-6",1977,283851,64836.7
"GOA_pcod","-6",1978,310868,67575.5
"GOA_pcod","-6",1979,302811,63313
"GOA_pcod","-6",1980,295068,57806.4
"GOA_pcod","-6",1981,331265,62285
"GOA_pcod","-6",1982,395594,71973.2
"GOA_pcod","-6",1983,413753,72672.9
"GOA_pcod","-6",1984,417998,70608.1
"GOA_pcod","-6",1985,457787,70883.7
"GOA_pcod","-6",1986,518244,70446
"GOA_pcod","-6",1987,566108,68104.9
"GOA_pcod","-6",1988,568613,60995.9
"GOA_pcod","-6",1989,579482,55167.8
"GOA_pcod","-6",1990,577555,49393.4
"GOA_pcod","-6",1991,527462,43220.4
"GOA_pcod","-6",1992,485696,38928.8
"GOA_pcod","-6",1993,446749,35222.4
"GOA_pcod","-6",1994,448081,32910.7
"GOA_pcod","-6",1995,448721,29928.7
"GOA_pcod","-6",1996,400980,25460.9
"GOA_pcod","-6",1997,340576,21001.4
"GOA_pcod","-6",1998,282805,17461.7
"GOA_pcod","-6",1999,250270,15635.7
"GOA_pcod","-6",2000,223928,14728.9
"GOA_pcod","-6",2001,205090,13702.1
"GOA_pcod","-6",2002,193405,12614.7
"GOA_pcod","-6",2003,190260,12205.8
"GOA_pcod","-6",2004,192426,12578.2
"GOA_pcod","-6",2005,185852,12395.1
"GOA_pcod","-6",2006,169256,11165
"GOA_pcod","-6",2007,149049,9918.68
"GOA_pcod","-6",2008,133772,9355.3
"GOA_pcod","-6",2009,137676,10272.5
"GOA_pcod","-6",2010,176825,13125.5
"GOA_pcod","-6",2011,205915,16553.1
"GOA_pcod","-6",2012,224076,20328.8
"GOA_pcod","-6",2013,230129,23505.2
"GOA_pcod","-7",1975,473946,NA
"GOA_pcod","-7",1976,321684,NA
"GOA_pcod","-7",1977,294414,64059.3
"GOA_pcod","-7",1978,321948,66801.3
"GOA_pcod","-7",1979,313097,62409.2
"GOA_pcod","-7",1980,304933,56609.1
"GOA_pcod","-7",1981,344689,60416.8
"GOA_pcod","-7",1982,412318,69613.4
"GOA_pcod","-7",1983,430633,70356.6
"GOA_pcod","-7",1984,435343,68065.2
"GOA_pcod","-7",1985,476354,67576.5
"GOA_pcod","-7",1986,538704,65858.5
"GOA_pcod","-7",1987,586707,62331.7
"GOA_pcod","-7",1988,587103,54604.3
"GOA_pcod","-7",1989,596553,48267
"GOA_pcod","-7",1990,593267,42472
"GOA_pcod","-7",1991,541579,36696.1
"GOA_pcod","-7",1992,498551,32590.6
"GOA_pcod","-7",1993,458794,29079.9
"GOA_pcod","-7",1994,459339,26913.2
"GOA_pcod","-7",1995,459224,24478.3
"GOA_pcod","-7",1996,409971,20983.9
"GOA_pcod","-7",1997,347915,17530.9
"GOA_pcod","-7",1998,288785,14761.8
"GOA_pcod","-7",1999,255595,13262.4
"GOA_pcod","-7",2000,229180,12462.7
"GOA_pcod","-7",2001,210031,11619.1
"GOA_pcod","-7",2002,197949,10753.5
"GOA_pcod","-7",2003,194623,10429.8
"GOA_pcod","-7",2004,196870,10781.5
"GOA_pcod","-7",2005,190025,10731.4
"GOA_pcod","-7",2006,172726,9824.9
"GOA_pcod","-7",2007,151923,8912.83
"GOA_pcod","-7",2008,136599,8610.29
"GOA_pcod","-7",2009,142103,9744.3
"GOA_pcod","-7",2010,186429,13267.6
"GOA_pcod","-7",2011,224061,18299.9
"GOA_pcod","-7",2012,251786,24588.8
"GOA_pcod","-8",1975,488763,NA
"GOA_pcod","-8",1976,337273,NA
"GOA_pcod","-8",1977,309875,65812.4
"GOA_pcod","-8",1978,337352,68351.3
"GOA_pcod","-8",1979,327837,63674.4
"GOA_pcod","-8",1980,320285,57599.1
"GOA_pcod","-8",1981,363394,61034.8
"GOA_pcod","-8",1982,434438,69988.3
"GOA_pcod","-8",1983,452865,70621.7
"GOA_pcod","-8",1984,457341,67933.7
"GOA_pcod","-8",1985,499204,66768.2
"GOA_pcod","-8",1986,562490,63956.9
"GOA_pcod","-8",1987,611240,59458.8
"GOA_pcod","-8",1988,610007,51108.1
"GOA_pcod","-8",1989,617604,44215.8
"GOA_pcod","-8",1990,612539,38251.3
"GOA_pcod","-8",1991,559083,32554.7
"GOA_pcod","-8",1992,515299,28405.2
"GOA_pcod","-8",1993,474531,24914.9
"GOA_pcod","-8",1994,474315,22918.5
"GOA_pcod","-8",1995,472780,20938.1
"GOA_pcod","-8",1996,421370,18155.2
"GOA_pcod","-8",1997,357453,15401.8
"GOA_pcod","-8",1998,296942,13153.6
"GOA_pcod","-8",1999,263210,11856.1
"GOA_pcod","-8",2000,236598,11075.9
"GOA_pcod","-8",2001,217177,10314.9
"GOA_pcod","-8",2002,204878,9581.25
"GOA_pcod","-8",2003,201773,9314.16
"GOA_pcod","-8",2004,204609,9702.57
"GOA_pcod","-8",2005,198083,9861.87
"GOA_pcod","-8",2006,180662,9307.57
"GOA_pcod","-8",2007,160250,8770.29
"GOA_pcod","-8",2008,146905,8851.91
"GOA_pcod","-8",2009,158877,10613.7
"GOA_pcod","-8",2010,217517,15709.6
"GOA_pcod","-8",2011,274179,23448.3
"GOA_pcod","-9",1975,497987,NA
"GOA_pcod","-9",1976,350859,NA
"GOA_pcod","-9",1977,316967,67299.3
"GOA_pcod","-9",1978,343437,69351.2
"GOA_pcod","-9",1979,335094,64568
"GOA_pcod","-9",1980,330725,58854.6
"GOA_pcod","-9",1981,373369,62449.3
"GOA_pcod","-9",1982,442296,70884.6
"GOA_pcod","-9",1983,460594,71328.7
"GOA_pcod","-9",1984,464547,68470
"GOA_pcod","-9",1985,505795,67120.2
"GOA_pcod","-9",1986,567303,64167.6
"GOA_pcod","-9",1987,615758,59546.3
"GOA_pcod","-9",1988,614954,51232.3
"GOA_pcod","-9",1989,621919,44372
"GOA_pcod","-9",1990,616768,38479.4
"GOA_pcod","-9",1991,563392,32787.4
"GOA_pcod","-9",1992,520520,28679.1
"GOA_pcod","-9",1993,479425,25165.7
"GOA_pcod","-9",1994,479092,23169.7
"GOA_pcod","-9",1995,476810,21157.6
"GOA_pcod","-9",1996,424805,18358.9
"GOA_pcod","-9",1997,361229,15623.7
"GOA_pcod","-9",1998,301297,13403.3
"GOA_pcod","-9",1999,268046,12141.3
"GOA_pcod","-9",2000,241229,11367.5
"GOA_pcod","-9",2001,221800,10625.4
"GOA_pcod","-9",2002,209828,9938.46
"GOA_pcod","-9",2003,207409,9759.24
"GOA_pcod","-9",2004,211136,10278.6
"GOA_pcod","-9",2005,205890,10621.2
"GOA_pcod","-9",2006,189858,10264.2
"GOA_pcod","-9",2007,170979,9962.75
"GOA_pcod","-9",2008,159415,10436
"GOA_pcod","-9",2009,173679,13297
"GOA_pcod","-9",2010,227419,20591
"GOA_pcod","0",1975,410750,NA
"GOA_pcod","0",1976,239198,NA
"GOA_pcod","0",1977,209502,46208.6
"GOA_pcod","0",1978,234226,49008.9
"GOA_pcod","0",1979,228566,46395.4
"GOA_pcod","0",1980,220271,42617.6
"GOA_pcod","0",1981,250642,47367.7
"GOA_pcod","0",1982,306578,56733.9
"GOA_pcod","0",1983,324559,58548.3
"GOA_pcod","0",1984,329537,57928.1
"GOA_pcod","0",1985,364913,59117
"GOA_pcod","0",1986,421392,59909.7
"GOA_pcod","0",1987,465818,58841.8
"GOA_pcod","0",1988,472577,53306.4
"GOA_pcod","0",1989,491179,49074
"GOA_pcod","0",1990,497827,44575.7
"GOA_pcod","0",1991,456977,39201.3
"GOA_pcod","0",1992,420629,35256
"GOA_pcod","0",1993,387448,32167.5
"GOA_pcod","0",1994,392044,30611.9
"GOA_pcod","0",1995,398309,28420.4
"GOA_pcod","0",1996,358761,24499.8
"GOA_pcod","0",1997,306567,20419.4
"GOA_pcod","0",1998,254893,17121.9
"GOA_pcod","0",1999,225232,15348.3
"GOA_pcod","0",2000,200900,14344.5
"GOA_pcod","0",2001,183953,13170.3
"GOA_pcod","0",2002,174131,11940.7
"GOA_pcod","0",2003,171951,11325.6
"GOA_pcod","0",2004,174698,11471.4
"GOA_pcod","0",2005,169362,11179.4
"GOA_pcod","0",2006,154895,9989.23
"GOA_pcod","0",2007,136726,8839.7
"GOA_pcod","0",2008,122427,8321.09
"GOA_pcod","0",2009,125675,9113.48
"GOA_pcod","0",2010,162975,11484.8
"GOA_pcod","0",2011,189787,14076.9
"GOA_pcod","0",2012,210209,16968.1
"GOA_pcod","0",2013,226705,19485.6
"GOA_pcod","0",2014,227655,21228.2
"GOA_pcod","0",2015,160039,13173.5
"GOA_pcod","0",2016,124431,9622.91
"GOA_pcod","0",2017,92159,7574.72
"GOA_pcod","0",2018,74737.7,7674.29
"GOA_pcod","0",2019,70462.1,7422.68
